date,open,high,low,close,volume
2024-03-28,51.5,51.71,51.5,51.6,7862344
2024-03-27,51.32,51.41,51.19,51.4,7669823
2024-03-26,51.47,51.47,51.27,51.27,7391459
2024-03-25,51.28,51.45,51.28,51.39,4992168
2024-03-22,51.37,51.45,51.25,51.33,13370757
2024-03-21,51.95,51.97,51.65,51.65,9544588
2024-03-20,51.12,51.62,51.05,51.6,11951268
2024-03-19,50.95,51.12,50.77,51.04,7861394
2024-03-18,51.49,51.55,51.22,51.25,6236929
2024-03-15,51.27,51.34,51.13,51.15,16674845
2024-03-14,51.76,51.81,51.3,51.44,30012795
2024-03-13,51.68,51.82,51.64,51.72,6671856
2024-03-12,51.82,51.98,51.62,51.96,9365709
2024-03-11,51.42,51.61,51.38,51.45,6884568
2024-03-08,51.54,51.69,51.28,51.34,9469053
2024-03-07,51.19,51.45,51.08,51.43,6972450
2024-03-06,51.09,51.27,51.02,51.12,12637151
2024-03-05,50.59,50.72,50.31,50.41,10064811
2024-03-04,51.01,51.03,50.76,50.8,10763720
2024-03-01,50.69,51.05,50.6,50.97,9603528
2024-02-29,50.56,50.58,50.28,50.34,14518507
2024-02-28,50.48,50.51,50.22,50.28,9011623
2024-02-27,50.98,51.02,50.88,50.94,7480849
2024-02-26,50.82,50.94,50.79,50.85,15207386
2024-02-23,51.04,51.11,50.88,51.05,8650257
2024-02-22,51.04,51.12,50.88,51.08,11377141
2024-02-21,50.6,50.74,50.45,50.6,8487623
2024-02-20,50.67,50.76,50.41,50.53,7192632
2024-02-16,50.41,50.59,50.34,50.44,9723758
2024-02-15,50.01,50.24,49.99,50.23,11586266
2024-02-14,49.82,50.0,49.76,49.97,10644200
2024-02-13,49.57,49.72,49.05,49.23,13084189
2024-02-12,49.86,50.42,49.86,50.18,9342420
2024-02-09,49.74,49.91,49.45,49.84,7028008
2024-02-08,49.75,49.81,49.54,49.63,9848034
2024-02-07,49.8,50.0,49.75,49.94,9328897
2024-02-06,49.56,49.9,49.46,49.89,7976199
2024-02-05,48.62,48.94,48.56,48.82,8774259
2024-02-02,48.7,48.8,48.53,48.74,12570980
2024-02-01,48.72,48.92,48.63,48.91,10461723
2024-01-31,48.53,48.87,48.31,48.45,18057204
2024-01-30,48.56,48.68,48.44,48.67,7986553
2024-01-29,49.08,49.11,48.77,49.02,10907502
2024-01-26,48.86,49.09,48.84,48.97,10095742
2024-01-25,49.05,49.1,48.76,48.9,18633103
2024-01-24,49.19,49.23,48.83,48.86,13861357
2024-01-23,48.14,48.41,48.12,48.38,8542396
2024-01-22,47.89,48.15,47.87,48.02,11580422
2024-01-19,48.03,48.43,47.86,48.4,10290277
2024-01-18,47.92,47.98,47.73,47.91,14894028
2024-01-17,47.38,47.6,47.34,47.6,20825379
2024-01-16,48.63,48.63,48.22,48.26,16207156
2024-01-12,49.59,49.76,49.39,49.45,14378292
2024-01-11,49.29,49.38,48.91,49.26,14206808
2024-01-10,49.09,49.12,48.94,49.02,9561888
2024-01-09,49.14,49.23,49.04,49.13,10729238
2024-01-08,49.34,49.83,49.29,49.82,9115876
2024-01-05,49.65,49.99,49.58,49.68,10187629
2024-01-04,49.57,49.81,49.54,49.57,8399787
2024-01-03,49.5,49.84,49.47,49.71,10155661
2024-01-02,50.09,50.21,49.85,49.95,9409152
2023-12-29,50.49,50.76,50.46,50.58,9046902
2023-12-28,50.6,50.78,50.49,50.53,10092232
2023-12-27,50.06,50.21,50.05,50.2,10642406
2023-12-26,49.81,49.95,49.71,49.87,6974205
2023-12-22,49.35,49.58,49.32,49.49,13097369
2023-12-21,49.45,49.71,49.36,49.69,10760837
2023-12-20,49.35,49.41,48.71,48.75,17960218
2023-12-19,50.4,50.72,50.4,50.64,13851642
2023-12-18,50.21,50.28,50.04,50.24,9323564
2023-12-15,50.5,50.62,50.28,50.31,16195932
2023-12-14,50.15,50.66,50.15,50.6,17492086
2023-12-13,49.12,49.94,48.92,49.93,14719789
2023-12-12,49.22,49.43,49.02,49.42,9074328
2023-12-11,49.12,49.41,49.07,49.38,9897801
2023-12-08,49.02,49.28,48.93,49.15,8311135
2023-12-07,49.25,49.36,49.11,49.33,10039464
2023-12-06,49.46,49.47,49.07,49.07,15999205
2023-12-05,48.97,49.21,48.88,49.16,19424951
2023-12-04,49.53,49.66,49.28,49.37,12853864
2023-12-01,49.35,49.93,49.26,49.92,14325600
2023-11-30,49.63,49.71,49.32,49.65,16555700
2023-11-29,49.61,49.88,49.54,49.57,9164100
2023-11-28,49.65,49.93,49.58,49.86,9658100
2023-11-27,49.39,49.48,49.3,49.44,11054700
2023-11-24,49.34,49.62,49.33,49.58,4561700
2023-11-22,49.58,49.7,49.37,49.54,9126900
2023-11-21,49.81,49.91,49.56,49.64,10627200
2023-11-20,49.53,50.01,49.53,49.94,9894500
2023-11-17,49.26,49.41,49.2,49.33,16039500
2023-11-16,49.16,49.46,49.04,49.24,11129300
2023-11-15,49.64,49.89,49.52,49.66,16290500
2023-11-14,48.75,49.33,48.75,49.28,12038000
2023-11-13,47.87,48.19,47.77,48.04,7940400
2023-11-10,47.72,48.05,47.64,48.02,12001400
2023-11-09,48.15,48.28,47.65,47.69,11223100
2023-11-08,48.24,48.38,48.07,48.14,10413000
2023-11-07,48.26,48.51,48.06,48.47,9105400
2023-11-06,48.75,48.8,48.49,48.58,8983700
2023-11-03,47.81,48.25,47.79,48.14,13911300
2023-11-02,47.08,47.24,46.95,47.22,9414000
2023-11-01,45.92,46.41,45.89,46.4,13982800
2023-10-31,45.83,45.97,45.61,45.94,19623200
2023-10-30,46.46,46.53,46.08,46.24,14070100
2023-10-27,46.2,46.26,45.68,45.74,12342100
2023-10-26,45.72,45.9,45.6,45.78,12976600
2023-10-25,46.18,46.34,45.97,46.03,12006200
2023-10-24,46.24,46.7,46.23,46.63,10043200
2023-10-23,45.75,46.23,45.57,46.04,18392200
2023-10-20,46.26,46.4,46.06,46.07,17360400
2023-10-19,46.79,47.02,46.61,46.67,22534900
2023-10-18,47.19,47.24,46.83,46.89,8604400
2023-10-17,47.4,47.87,47.39,47.67,7551600
2023-10-16,47.44,47.86,47.38,47.78,7152200
2023-10-13,47.65,47.79,47.32,47.41,13019900
2023-10-12,48.2,48.23,47.47,47.61,15175200
2023-10-11,48.2,48.28,47.92,48.1,10888600
2023-10-10,47.47,47.92,47.45,47.86,8871100
2023-10-09,46.8,47.19,46.69,47.18,9078500
2023-10-06,46.76,47.54,46.69,47.44,9653800
2023-10-05,46.65,46.81,46.45,46.78,9722900
2023-10-04,46.68,46.76,46.47,46.6,11633000
2023-10-03,46.93,47.11,46.67,46.75,16703500
2023-10-02,47.51,47.58,47.22,47.35,10912100
2023-09-29,48.09,48.11,47.52,47.59,14679500
2023-09-28,47.27,47.63,47.17,47.58,11346900
2023-09-27,47.63,47.66,47.22,47.44,13872200
2023-09-26,47.57,47.72,47.33,47.36,17473200
2023-09-25,47.87,48.09,47.86,48.04,12538700
2023-09-22,48.47,48.54,48.21,48.23,22030300
2023-09-21,47.85,47.95,47.71,47.72,13492200
2023-09-20,48.87,49.05,48.56,48.57,7481400
2023-09-19,48.8,48.9,48.63,48.74,6816200
2023-09-18,48.92,49.07,48.82,49.02,7156300
2023-09-15,49.27,49.36,49.05,49.09,9433100
2023-09-14,49.24,49.41,49.1,49.29,10619300
2023-09-13,48.93,49.12,48.86,48.95,11737700
2023-09-12,48.8,49.12,48.76,49.01,8708200
2023-09-11,49.09,49.2,48.95,49.19,6633300
2023-09-08,48.63,48.75,48.53,48.62,8218600
2023-09-07,48.53,48.6,48.38,48.53,11931900
2023-09-06,49.17,49.41,48.93,49.01,6121900
2023-09-05,49.39,49.44,49.22,49.28,7561200
2023-09-01,49.72,49.87,49.51,49.62,11418100
2023-08-31,49.37,49.39,49.03,49.06,9109600
2023-08-30,49.56,49.8,49.56,49.65,7392600
2023-08-29,49.27,49.84,49.15,49.81,12448100
2023-08-28,49.04,49.2,48.96,49.17,8968600
2023-08-25,48.7,48.81,48.32,48.72,11717700
2023-08-24,48.98,49.07,48.64,48.66,11990800
2023-08-23,48.43,48.89,48.41,48.82,6752300
2023-08-22,48.34,48.4,48.01,48.09,10963000
2023-08-21,47.99,48.21,47.9,48.18,7334600
2023-08-18,47.87,48.11,47.8,48.03,12101900
2023-08-17,48.83,48.84,48.29,48.34,9248800
2023-08-16,48.38,48.6,48.2,48.21,10320300
2023-08-15,48.9,48.9,48.57,48.63,16831100
2023-08-14,48.91,49.21,48.73,49.11,10475100
2023-08-11,49.54,49.6,49.26,49.39,7524300
2023-08-10,50.34,50.72,49.97,50.07,8148500
2023-08-09,50.22,50.26,49.85,50.05,8227900
2023-08-08,49.76,49.92,49.53,49.89,7462900
2023-08-07,50.68,50.69,50.28,50.48,6768100
2023-08-04,50.75,51.02,50.5,50.58,12508000
2023-08-03,50.48,50.74,50.41,50.57,18049100
2023-08-02,50.75,50.76,50.28,50.38,10252000
2023-08-01,51.77,51.86,51.53,51.58,10669500
2023-07-31,52.01,52.3,51.95,52.23,13785600
2023-07-28,51.94,52.2,51.87,52.17,10222800
2023-07-27,51.61,51.64,50.9,50.97,10113400
2023-07-26,51.08,51.72,51.06,51.61,15129100
2023-07-25,51.51,51.54,51.31,51.35,12764000
2023-07-24,50.47,51.09,50.4,50.95,13072800
2023-07-21,50.42,50.51,50.23,50.28,11969900
2023-07-20,50.5,50.58,50.25,50.3,48184900
2023-07-19,50.84,51.04,50.63,50.7,11186100
2023-07-18,50.81,50.95,50.64,50.78,5778900
2023-07-17,50.82,51.11,50.62,51.09,5798900
2023-07-14,51.15,51.17,50.97,50.99,5838800
2023-07-13,50.94,51.32,50.94,51.27,11282700
2023-07-12,50.39,50.74,50.36,50.69,10743700
2023-07-11,49.46,49.71,49.28,49.68,8231700
2023-07-10,48.83,49.19,48.83,49.17,6320000
2023-07-07,48.76,49.38,48.76,49.16,7732400
2023-07-06,48.88,48.93,48.42,48.6,7034400
2023-07-05,49.65,49.67,49.48,49.56,6080400
2023-07-03,49.85,50.07,49.77,49.85,5102400
2023-06-30,49.25,49.45,49.15,49.29,10618500
2023-06-29,48.74,48.9,48.72,48.86,7981300
2023-06-28,49.01,49.14,48.9,49.09,11109400
2023-06-27,49.26,49.42,49.17,49.4,6720500
2023-06-26,48.95,49.12,48.87,48.93,12328500
2023-06-23,48.81,48.81,48.61,48.73,7524100
2023-06-22,49.33,49.49,49.23,49.44,6695100
2023-06-21,49.58,49.7,49.43,49.62,8805300
2023-06-20,50.06,50.11,49.68,49.8,11593000
2023-06-16,50.96,50.97,50.6,50.7,14495800
2023-06-15,50.64,50.91,50.57,50.88,11289600
2023-06-14,50.06,50.5,50.06,50.42,11744100
2023-06-13,50.12,50.26,49.96,50.08,9455300
2023-06-12,49.52,49.66,49.44,49.62,9809900
2023-06-09,49.46,49.71,49.45,49.49,12002000
2023-06-08,48.97,49.31,48.95,49.28,8439700
2023-06-07,49.15,49.37,48.88,48.93,10909800
2023-06-06,49.1,49.66,49.04,49.62,9113500
2023-06-05,49.05,49.22,48.95,49.15,12670400
2023-06-02,49.13,49.31,49.12,49.21,14181300
2023-06-01,47.65,48.42,47.64,48.4,11638400
2023-05-31,47.63,47.65,47.21,47.58,14902200
2023-05-30,48.39,48.41,47.85,47.97,11422200
2023-05-26,48.09,48.57,48.08,48.5,8902900
2023-05-25,47.92,47.94,47.62,47.72,12257800
2023-05-24,48.06,48.09,47.77,47.82,13745900
2023-05-23,48.44,48.54,48.09,48.1,10373600
2023-05-22,48.76,48.99,48.76,48.79,8248100
2023-05-19,48.45,48.52,48.3,48.41,8370700
2023-05-18,48.44,48.44,48.16,48.38,10465400
2023-05-17,48.4,48.66,48.3,48.61,9467600
2023-05-16,48.39,48.57,48.35,48.37,6764900
2023-05-15,48.34,48.76,48.2,48.7,9353700
2023-05-12,48.1,48.12,47.78,47.88,9068100
2023-05-11,48.21,48.44,48.06,48.39,8447600
2023-05-10,48.62,48.74,48.36,48.63,13249200
2023-05-09,48.44,48.64,48.39,48.6,8041700
2023-05-08,49.05,49.08,48.83,48.91,7409500
2023-05-05,48.54,48.97,48.45,48.91,5508600
2023-05-04,48.33,48.45,48.2,48.32,8794500
2023-05-03,48.03,48.26,47.91,47.93,7729400
2023-05-02,48.29,48.29,47.85,47.99,9433000
2023-05-01,48.45,48.75,48.39,48.42,7151700
2023-04-28,48.34,48.6,48.32,48.58,9728900
2023-04-27,47.97,48.38,47.9,48.34,6761300
2023-04-26,47.95,47.99,47.64,47.69,9503800
2023-04-25,47.65,47.67,47.31,47.35,10362400
2023-04-24,48.28,48.36,48.14,48.28,9218200
2023-04-21,48.42,48.42,48.12,48.36,8166900
2023-04-20,48.84,49.12,48.71,48.82,8541100
2023-04-19,48.86,49.0,48.76,48.91,7887600
2023-04-18,49.56,49.61,49.29,49.41,9422900
2023-04-17,49.5,49.55,49.3,49.5,13296200
2023-04-14,49.36,49.54,49.1,49.28,8742800
2023-04-13,49.44,49.64,49.41,49.58,6601400
2023-04-12,49.4,49.41,48.81,48.89,12645600
2023-04-11,49.26,49.37,49.15,49.2,9718000
2023-04-10,48.63,48.86,48.59,48.86,6701400
2023-04-06,48.45,48.86,48.36,48.76,7697300
2023-04-05,48.88,48.89,48.41,48.55,9312100
2023-04-04,48.85,48.99,48.71,48.95,8609000
2023-04-03,48.79,48.98,48.67,48.93,10102500
2023-03-31,48.85,48.98,48.65,48.79,13273700
2023-03-30,48.84,48.97,48.67,48.86,11076100
2023-03-29,48.26,48.44,48.12,48.35,8457000
2023-03-28,48.0,48.22,47.96,48.21,10196900
2023-03-27,47.56,47.66,47.38,47.61,10422500
2023-03-24,47.61,47.89,47.52,47.85,8208600
2023-03-23,48.17,48.49,47.73,47.94,16659500
2023-03-22,47.52,48.06,47.33,47.36,16100700
2023-03-21,47.1,47.28,46.94,47.19,6746800
2023-03-20,46.51,46.86,46.42,46.73,9963300
2023-03-17,46.84,46.89,46.45,46.57,20671300
2023-03-16,46.1,46.9,46.04,46.87,18091900
2023-03-15,45.98,46.23,45.79,46.2,24189700
2023-03-14,46.88,47.1,46.74,47.0,10417200
2023-03-13,46.8,47.33,46.73,47.0,19077900
2023-03-10,47.19,47.46,46.93,46.99,16444700
2023-03-09,47.83,47.9,47.16,47.22,11407000
2023-03-08,48.08,48.34,48.06,48.25,8995900
2023-03-07,48.63,48.64,47.99,48.01,11155400
2023-03-06,48.9,49.13,48.77,48.81,7782900
2023-03-03,48.65,49.0,48.6,48.95,8514000
2023-03-02,48.11,48.61,48.04,48.54,8543600
2023-03-01,48.47,48.52,48.22,48.37,14761000
2023-02-28,47.51,47.7,47.33,47.35,24237700
2023-02-27,47.72,47.77,47.56,47.67,16174900
2023-02-24,47.44,47.63,47.24,47.44,21853600
2023-02-23,48.81,48.88,48.17,48.47,12341600
2023-02-22,48.31,48.46,48.07,48.22,10839300
2023-02-21,48.7,48.94,48.42,48.44,9526200
2023-02-17,48.96,49.1,48.79,49.05,6213300
2023-02-16,49.24,49.71,49.12,49.48,9737500
2023-02-15,49.13,49.44,49.05,49.44,10097000
2023-02-14,49.57,50.06,49.43,49.83,11258500
2023-02-13,49.72,50.04,49.59,49.97,7372400
2023-02-10,49.71,49.74,49.42,49.57,12888400
2023-02-09,50.45,50.5,49.82,50.01,10903700
2023-02-08,49.96,50.04,49.59,49.77,13079200
2023-02-07,49.71,50.03,49.38,49.88,23410200
2023-02-06,49.5,49.75,49.33,49.68,8734600
2023-02-03,50.63,50.95,50.23,50.33,12237100
2023-02-02,51.53,51.56,51.01,51.23,14931500
2023-02-01,51.09,51.67,50.78,51.51,15163600
2023-01-31,50.55,50.87,50.46,50.87,13379200
2023-01-30,51.08,51.2,50.83,50.84,11954500
2023-01-27,51.93,51.96,51.66,51.84,11747900
2023-01-26,52.02,52.15,51.78,52.12,11258300
2023-01-25,51.33,51.64,51.06,51.64,14946100
2023-01-24,51.35,51.63,51.3,51.58,10029000
2023-01-23,51.27,51.79,51.22,51.59,14040300
2023-01-20,50.78,51.21,50.63,51.21,17178300
2023-01-19,50.33,50.64,50.28,50.5,25935900
2023-01-18,50.87,50.93,50.09,50.1,28066800
2023-01-17,50.38,50.49,50.24,50.44,19644100
2023-01-13,50.31,50.74,50.31,50.7,11808900
2023-01-12,50.25,50.52,49.76,50.43,40909000
2023-01-11,49.87,50.22,49.79,50.19,90038300
2023-01-10,49.7,49.96,49.51,49.92,12824600
2023-01-09,49.8,49.95,49.57,49.59,13375300
2023-01-06,48.58,49.27,48.29,49.24,15270900
2023-01-05,47.96,48.32,47.93,48.2,8246700
2023-01-04,47.86,48.45,47.61,48.44,16280100
2023-01-03,47.25,47.58,46.96,47.07,13699000
2022-12-30,47.06,47.22,46.57,46.7,14935300
2022-12-29,47.11,47.44,47.06,47.37,14050500
2022-12-28,47.1,47.18,46.56,46.56,13281200
2022-12-27,46.99,47.49,46.93,47.26,11961200
2022-12-23,46.58,46.72,46.37,46.6,10122700
2022-12-22,46.93,46.97,46.3,46.66,11751300
2022-12-21,46.63,47.07,46.51,47.04,10494300
2022-12-20,46.52,46.83,46.47,46.65,16517300
2022-12-19,46.94,46.95,46.6,46.69,13123100
2022-12-16,46.72,46.9,46.54,46.6,15061500
2022-12-15,47.2,47.37,46.5,46.53,21324700
2022-12-14,47.54,47.82,47.24,47.59,14441700
2022-12-13,48.15,48.27,47.45,47.57,15775000
2022-12-12,47.86,47.88,47.47,47.85,13363100
2022-12-09,48.36,48.46,48.0,48.01,11276100
2022-12-08,48.22,48.43,48.01,48.29,18299700
2022-12-07,47.69,47.91,47.59,47.77,13093400
2022-12-06,48.24,48.3,47.88,48.02,10825600
2022-12-05,48.64,48.66,47.98,48.11,11105400
2022-12-02,48.05,48.8,48.05,48.68,12937000
2022-12-01,48.76,48.86,48.31,48.47,25504400
2022-11-30,48.22,48.78,47.93,48.56,26615800
2022-11-29,47.21,47.46,47.15,47.28,11832800
2022-11-28,46.36,46.8,46.31,46.33,20678600
2022-11-25,46.6,46.66,46.47,46.53,5268200
2022-11-23,46.4,46.73,46.4,46.71,8276100
2022-11-22,46.11,46.35,46.05,46.32,12570200
2022-11-21,46.15,46.3,45.99,46.22,16591400
2022-11-18,46.88,46.92,46.55,46.74,12470400
2022-11-17,46.13,47.07,46.11,47.02,16264600
2022-11-16,47.28,47.35,46.9,46.9,22508700
2022-11-15,48.12,48.14,47.41,47.71,18541700
2022-11-14,46.75,47.03,46.54,46.69,19838600
2022-11-11,46.67,47.04,46.53,46.93,16738900
2022-11-10,45.45,45.89,45.28,45.89,14726000
2022-11-09,44.77,44.93,44.25,44.28,14019000
2022-11-08,44.8,45.25,44.65,45.06,16885900
2022-11-07,44.92,45.07,44.57,44.72,15662200
2022-11-04,44.51,44.72,44.07,44.72,20476900
2022-11-03,42.48,43.12,42.44,42.97,24024300
2022-11-02,43.16,43.65,42.69,42.71,19497500
2022-11-01,43.37,43.46,42.92,43.08,29528400
2022-10-31,41.99,42.44,41.99,42.35,24555100
2022-10-28,42.12,42.48,42.01,42.48,14727700
2022-10-27,42.71,43.1,42.63,42.68,16363800
2022-10-26,42.43,43.32,42.41,42.95,18247800
2022-10-25,41.99,42.38,41.96,42.35,21844200
2022-10-24,41.99,42.05,41.44,41.91,31902900
2022-10-21,42.76,43.51,42.58,43.46,13642300
2022-10-20,42.9,43.5,42.82,42.88,14550800
2022-10-19,42.72,42.96,42.46,42.6,12354200
2022-10-18,43.76,43.84,43.06,43.35,15969800
2022-10-17,43.04,43.49,43.04,43.32,14714200
2022-10-14,43.07,43.13,42.18,42.21,18111500
2022-10-13,41.66,43.06,41.55,42.85,24233700
2022-10-12,42.73,42.95,42.6,42.71,13904600
2022-10-11,42.89,43.19,42.57,42.71,19773400
2022-10-10,43.66,43.67,43.19,43.33,12726900
2022-10-07,44.43,44.5,43.84,43.89,11928600
2022-10-06,44.96,45.19,44.79,44.83,13368200
2022-10-05,44.91,45.23,44.61,45.06,14820600
2022-10-04,44.64,45.22,44.6,45.11,15983500
2022-10-03,43.32,43.82,43.11,43.71,19039300
2022-09-30,43.07,43.45,42.95,42.98,24399900
2022-09-29,43.33,43.37,42.79,43.17,19293100
2022-09-28,43.41,44.21,43.34,44.11,20932900
2022-09-27,44.08,44.38,43.54,43.71,48972200
2022-09-26,44.05,44.26,43.66,43.76,21429900
2022-09-23,44.63,44.71,44.14,44.37,22862000
2022-09-22,45.69,45.8,45.38,45.5,17934600
2022-09-21,46.17,46.46,45.62,45.71,15272200
2022-09-20,46.46,46.64,46.28,46.46,12376400
2022-09-19,46.15,46.71,46.15,46.67,16218600
2022-09-16,46.55,46.71,46.34,46.53,20039500
2022-09-15,47.16,47.46,46.92,47.01,15582100
2022-09-14,47.54,47.62,47.28,47.5,14515100
2022-09-13,47.74,47.96,47.13,47.19,11636200
2022-09-12,48.48,48.79,48.38,48.73,12909200
2022-09-09,47.76,48.15,47.76,48.07,10621700
2022-09-08,47.13,47.4,47.0,47.37,12596200
2022-09-07,46.98,47.59,46.92,47.56,14482700
2022-09-06,47.56,47.64,47.14,47.18,14869200
2022-09-02,48.08,48.31,47.67,47.76,9938000
2022-09-01,48.07,48.16,47.68,48.13,20837600
2022-08-31,48.79,48.98,48.44,48.46,13660400
2022-08-30,49.08,49.12,48.19,48.32,13389000
2022-08-29,48.98,49.26,48.88,48.91,11734200
2022-08-26,50.27,50.35,49.14,49.15,11607900
2022-08-25,49.42,49.95,49.33,49.95,9524900
2022-08-24,48.56,49.2,48.52,48.98,10961600
2022-08-23,48.7,49.11,48.62,48.89,7324200
2022-08-22,48.68,48.79,48.57,48.64,9957400
2022-08-19,49.27,49.32,48.93,49.06,8466200
2022-08-18,49.84,49.87,49.52,49.7,6918800
2022-08-17,49.9,50.22,49.82,50.01,12660600
2022-08-16,50.08,50.31,50.03,50.19,7498600
2022-08-15,50.0,50.29,49.95,50.16,8312100
2022-08-12,49.88,50.42,49.88,50.42,8252500
2022-08-11,50.06,50.54,49.77,49.89,8239800
2022-08-10,49.4,49.75,49.23,49.7,13007800
2022-08-09,49.29,49.34,48.98,49.09,9977000
2022-08-08,49.26,49.51,49.13,49.21,9271200
2022-08-05,48.84,49.22,48.8,49.12,7969400
2022-08-04,49.05,49.22,48.9,49.13,10634100
2022-08-03,48.47,48.84,48.26,48.77,10434600
2022-08-02,48.25,48.9,48.11,48.37,9854700
2022-08-01,48.56,49.0,48.29,48.64,12366700
2022-07-29,48.65,49.09,48.43,49.06,17130500
2022-07-28,49.06,49.26,48.54,49.2,8831100
2022-07-27,48.51,49.12,48.31,49.0,12042800
2022-07-26,48.5,48.6,48.02,48.07,9518100
2022-07-25,48.42,48.55,48.29,48.5,9286800
2022-07-22,48.67,48.77,48.09,48.29,9737800
2022-07-21,48.49,48.79,48.32,48.77,12840900
2022-07-20,48.24,48.41,48.03,48.23,11875700
2022-07-19,48.22,48.5,48.13,48.44,12285800
2022-07-18,48.03,48.27,47.58,47.67,12028800
2022-07-15,47.08,47.37,46.72,47.36,12325500
2022-07-14,46.99,47.15,46.58,47.1,21512000
2022-07-13,46.97,47.71,46.89,47.46,16791500
2022-07-12,47.55,47.81,47.34,47.54,13742900
2022-07-11,48.0,48.0,47.55,47.73,12671200
2022-07-08,48.85,49.19,48.67,48.96,14980200
2022-07-07,48.68,49.19,48.65,49.02,10389900
2022-07-06,48.02,48.19,47.65,48.01,12786000
2022-07-05,47.7,48.32,47.51,48.32,24489400
2022-07-01,48.44,48.71,48.15,48.7,18224500
2022-06-30,48.64,49.16,48.33,49.06,28585800
2022-06-29,49.36,49.47,49.13,49.3,15545900
2022-06-28,50.08,50.34,49.42,49.45,13480500
2022-06-27,50.0,50.1,49.71,49.79,11201500
2022-06-24,49.09,49.8,49.05,49.78,14894700
2022-06-23,48.55,48.83,48.17,48.64,14695600
2022-06-22,48.34,48.79,48.23,48.46,12877100
2022-06-21,49.28,49.56,49.2,49.34,18140900
2022-06-17,48.97,49.08,48.37,48.7,17389300
2022-06-16,48.55,48.72,48.17,48.48,23352900
2022-06-15,49.52,50.34,49.26,50.05,20381300
2022-06-14,49.22,49.57,49.06,49.37,23485000
2022-06-13,49.18,49.47,48.55,48.74,26543000
2022-06-10,50.94,51.01,50.38,50.51,27553500
2022-06-09,51.81,51.9,51.01,51.02,15898200
2022-06-08,52.82,53.06,52.63,52.8,14334300
2022-06-07,52.15,52.68,52.07,52.64,11308400
2022-06-06,53.09,53.23,52.33,52.45,13135300
2022-06-03,52.58,52.6,52.11,52.23,13583000
2022-06-02,52.42,53.12,52.29,53.12,14721400
2022-06-01,52.91,52.97,52.0,52.21,13557500
2022-05-31,53.12,53.12,52.55,52.57,27674000
2022-05-27,51.66,51.89,51.5,51.87,10232100
2022-05-26,50.44,51.44,50.44,51.29,18086800
2022-05-25,50.16,50.67,50.08,50.55,18816300
2022-05-24,50.35,50.42,49.83,50.31,13531600
2022-05-23,51.05,51.28,50.83,51.16,11904500
2022-05-20,51.08,51.25,50.08,50.77,14282700
2022-05-19,49.98,50.78,49.97,50.57,19753500
2022-05-18,50.63,50.82,49.68,49.78,13696000
2022-05-17,51.06,51.13,50.59,50.99,12899900
2022-05-16,49.61,49.98,49.49,49.77,13745500
2022-05-13,49.13,49.96,49.13,49.95,15205800
2022-05-12,48.41,49.05,48.08,48.61,27568400
2022-05-11,49.56,49.97,48.91,48.97,34065600
2022-05-10,49.82,49.89,48.91,49.35,28937500
2022-05-09,49.59,49.87,49.07,49.12,35816000
2022-05-06,50.72,50.91,50.23,50.58,26838000
2022-05-05,52.06,52.14,50.73,51.18,23873400
2022-05-04,52.06,53.22,51.71,53.13,36208700
2022-05-03,52.5,52.63,52.31,52.53,22669600
2022-05-02,52.09,52.36,51.55,52.15,26691000
2022-04-29,53.0,53.26,52.21,52.25,21971300
2022-04-28,51.83,52.2,51.31,52.13,21076100
2022-04-27,51.22,51.74,51.15,51.46,28644500
2022-04-26,51.7,51.71,50.86,50.88,21283900
2022-04-25,51.61,52.08,51.44,52.04,29847200
2022-04-22,52.99,53.27,52.4,52.44,21536500
2022-04-21,53.91,54.01,52.77,52.91,17362900
2022-04-20,54.24,54.25,53.78,53.9,11970400
2022-04-19,53.85,54.2,53.65,54.19,11526500
2022-04-18,54.26,54.63,54.11,54.41,19156700
2022-04-14,54.97,54.98,54.5,54.52,14331300
2022-04-13,54.83,55.3,54.78,55.25,11257300
2022-04-12,55.12,55.16,54.46,54.5,24119600
2022-04-11,54.93,55.12,54.64,54.7,26105700
2022-04-08,55.45,55.67,55.29,55.4,11837700
2022-04-07,55.45,55.57,55.05,55.33,18969800
2022-04-06,56.16,56.19,55.49,55.76,16460700
2022-04-05,57.26,57.26,56.36,56.45,21728100
2022-04-04,57.18,57.52,57.0,57.45,16461400
2022-04-01,56.57,56.76,56.15,56.47,20512500
2022-03-31,56.18,56.18,55.55,55.55,26796900
2022-03-30,56.42,56.85,56.26,56.4,23519500
2022-03-29,56.56,56.69,56.26,56.56,18211100
2022-03-28,55.49,55.64,55.13,55.62,15936000
2022-03-25,55.37,55.47,55.08,55.42,19089200
2022-03-24,55.57,55.91,55.44,55.89,17793800
2022-03-23,55.36,56.08,55.24,55.52,20377800
2022-03-22,55.67,56.07,55.63,55.9,24433700
2022-03-21,54.93,55.16,54.55,54.98,18995100
2022-03-18,54.57,55.85,54.4,55.76,28178200
2022-03-17,54.73,55.06,54.29,55.02,21228300
2022-03-16,53.58,55.29,53.33,55.26,24047300
2022-03-15,50.61,51.48,50.41,51.41,32510700
2022-03-14,51.94,52.28,51.11,51.27,24509500
2022-03-11,53.8,53.9,52.44,52.47,17760300
2022-03-10,53.66,53.73,53.17,53.53,17960000
2022-03-09,53.76,54.58,53.6,54.48,14686600
2022-03-08,53.02,53.58,52.5,52.96,27928000
2022-03-07,53.88,54.06,52.73,52.76,27518000
2022-03-04,54.83,55.1,54.5,54.82,19446500
2022-03-03,56.44,56.52,55.78,55.93,16534400
2022-03-02,56.62,56.85,56.02,56.61,17464500
2022-03-01,56.81,57.33,56.11,56.41,20974700
2022-02-28,56.61,57.33,56.51,57.23,26740500
2022-02-25,57.14,57.99,56.89,57.93,22190100
2022-02-24,55.17,56.91,55.12,56.9,33018800
2022-02-23,58.97,58.98,57.93,58.05,16452800
2022-02-22,58.64,59.02,58.27,58.64,14119700
2022-02-18,59.86,59.86,59.36,59.5,13074000
2022-02-17,60.4,60.52,59.88,60.01,11041000
2022-02-16,60.19,60.95,60.14,60.73,15804700
2022-02-15,59.77,60.28,59.73,60.22,12174200
2022-02-14,59.17,59.26,58.67,59.0,15509600
2022-02-11,60.34,60.58,59.32,59.43,16662300
2022-02-10,60.22,61.08,60.22,60.35,13181900
2022-02-09,60.35,60.81,60.29,60.78,11692600
2022-02-08,59.2,59.88,59.18,59.86,10810200
2022-02-07,59.15,59.66,59.12,59.35,21484900
2022-02-04,58.98,59.64,58.84,59.4,16222600
2022-02-03,59.12,59.51,59.03,59.22,10446200
2022-02-02,60.19,60.2,59.47,59.86,12356300
2022-02-01,59.83,59.92,59.3,59.92,14507500
2022-01-31,58.51,59.69,58.44,59.58,29890700
2022-01-28,57.6,57.8,57.0,57.8,25628300
2022-01-27,58.03,58.15,57.41,57.44,17824600
2022-01-26,59.13,59.24,57.95,58.1,16415900
2022-01-25,58.54,59.11,58.19,58.79,25485700
2022-01-24,58.81,58.93,57.52,58.93,59318000
2022-01-21,60.56,60.62,59.76,59.79,20787700
2022-01-20,61.34,61.68,60.64,60.71,16839200
2022-01-19,60.59,60.73,60.33,60.43,13082800
2022-01-18,60.13,60.47,60.06,60.15,15249400
2022-01-14,61.0,61.27,60.85,61.18,10986800
2022-01-13,61.82,61.85,61.15,61.19,11212000
2022-01-12,61.76,62.12,61.59,62.07,25584700
2022-01-11,60.22,61.07,60.04,61.06,12972300
2022-01-10,59.84,59.99,59.38,59.78,15390600
2022-01-07,59.53,59.86,59.31,59.83,17405700
2022-01-06,59.18,59.55,58.96,59.3,14215900
2022-01-05,59.72,60.14,59.05,59.08,15392300
2022-01-04,60.24,60.28,59.89,59.98,9886700
2022-01-03,60.12,60.29,59.75,60.21,13395400
2021-12-31,59.96,60.39,59.82,59.86,14086600
2021-12-30,59.41,60.21,59.41,60.04,12793900
2021-12-29,59.58,59.62,59.18,59.42,12123600
2021-12-28,59.87,59.91,59.64,59.64,9105600
2021-12-27,59.56,59.9,59.56,59.86,11119600
2021-12-23,59.34,59.65,59.15,59.55,10370000
2021-12-22,58.79,59.27,58.66,59.27,13334800
2021-12-21,58.43,58.95,58.41,58.93,13247700
2021-12-20,57.98,58.03,57.61,57.97,23920100
2021-12-17,58.72,59.02,58.55,58.75,21193100
2021-12-16,59.45,59.72,58.99,59.11,23958600
2021-12-15,58.87,59.1,58.25,59.03,27388200
2021-12-14,58.98,59.34,58.93,59.17,23744800
2021-12-13,59.8,59.84,59.17,59.3,15173900
2021-12-10,61.52,61.67,61.39,61.62,10929000
2021-12-09,61.67,61.85,61.46,61.52,13128200
2021-12-08,61.62,62.0,61.49,61.9,16787300
2021-12-07,61.39,61.64,61.33,61.6,12869500
2021-12-06,60.15,60.7,59.92,60.68,15232500
2021-12-03,60.94,61.04,59.94,60.21,19142300
2021-12-02,60.94,61.37,60.65,60.98,19513900
2021-12-01,60.98,61.4,60.23,60.25,18480100
2021-11-30,60.15,60.45,59.47,60.12,18726200
2021-11-29,60.45,60.45,59.91,60.1,18553000
2021-11-26,60.28,60.3,59.6,59.91,10559900
2021-11-24,61.64,61.92,61.49,61.89,9677800
2021-11-23,62.04,62.27,61.72,61.99,12800000
2021-11-22,62.43,62.59,62.01,62.01,9701200
2021-11-19,62.73,62.89,62.5,62.54,9704300
2021-11-18,62.76,62.78,62.34,62.63,9674700
2021-11-17,63.71,63.72,63.15,63.31,12708600
2021-11-16,63.71,63.8,63.45,63.65,10370600
2021-11-15,63.99,64.02,63.59,63.65,10626200
2021-11-12,63.64,63.89,63.54,63.83,9693900
2021-11-11,63.4,63.78,63.38,63.64,8243100
2021-11-10,62.97,63.24,62.44,62.64,9864600
2021-11-09,63.15,63.34,62.77,62.88,10498800
2021-11-08,62.95,63.15,62.88,63.11,6044500
2021-11-05,62.78,62.78,62.31,62.54,9031100
2021-11-04,62.78,62.82,62.35,62.57,7633600
2021-11-03,62.3,62.79,62.09,62.69,10048300
2021-11-02,62.51,62.52,62.3,62.37,6397200
2021-11-01,62.43,62.93,62.38,62.93,10008700
2021-10-29,62.54,62.61,62.1,62.43,20516800
2021-10-28,62.98,63.24,62.79,63.24,16116800
2021-10-27,63.37,63.65,63.17,63.19,16523200
2021-10-26,64.18,64.26,63.59,63.65,30801500
2021-10-25,63.97,64.09,63.64,64.02,18486500
2021-10-22,63.87,64.15,63.45,63.66,21719500
2021-10-21,63.86,63.96,63.69,63.8,19834400
2021-10-20,64.46,64.46,64.17,64.35,10446500
2021-10-19,64.06,64.42,63.94,64.38,9850500
2021-10-18,63.35,63.76,63.29,63.58,9842900
2021-10-15,63.29,63.83,63.2,63.74,9960000
2021-10-14,63.08,63.15,62.75,62.95,8180500
2021-10-13,62.43,62.86,62.29,62.76,9622700
2021-10-12,62.22,62.33,61.86,61.88,9487400
2021-10-11,62.63,62.8,62.18,62.23,7939200
2021-10-08,62.27,62.44,62.12,62.32,9871800
2021-10-07,61.83,62.4,61.77,62.18,6887000
2021-10-06,60.38,61.01,60.26,60.98,15059500
2021-10-05,61.08,61.54,61.03,61.32,9890300
2021-10-04,61.32,61.35,60.49,60.88,13522900
2021-10-01,61.75,61.93,61.2,61.78,10035700
2021-09-30,62.0,62.22,61.66,61.76,9830800
2021-09-29,61.69,61.84,61.26,61.27,7353000
2021-09-28,62.27,62.38,61.65,61.85,11831400
2021-09-27,62.35,62.83,62.17,62.69,7088200
2021-09-24,62.39,62.5,62.26,62.29,11633300
2021-09-23,62.83,63.11,62.72,63.01,13356800
2021-09-22,62.33,62.97,62.33,62.55,14831100
2021-09-21,61.75,61.87,61.47,61.73,13074300
2021-09-20,61.43,61.8,60.8,61.33,15845000
2021-09-17,63.24,63.31,62.83,62.97,12915200
2021-09-16,63.07,63.28,62.84,63.24,11830300
2021-09-15,63.74,63.95,63.5,63.95,8916800
2021-09-14,64.26,64.32,63.77,63.92,12927500
2021-09-13,64.29,64.53,64.05,64.39,13929100
2021-09-10,64.74,64.79,64.17,64.19,7840700
2021-09-09,64.07,64.35,63.94,64.21,11593300
2021-09-08,64.85,64.85,64.17,64.28,10225000
2021-09-07,65.09,65.41,65.04,65.3,8437900
2021-09-03,64.77,65.02,64.72,64.93,6469900
2021-09-02,64.84,64.93,64.53,64.6,9374200
2021-09-01,64.53,65.13,64.5,64.94,9174200
2021-08-31,64.17,64.24,64.02,64.09,10224700
2021-08-30,63.22,63.37,62.98,63.24,5632800
2021-08-27,62.68,63.13,62.53,63.13,10151000
2021-08-26,62.53,62.59,62.26,62.31,7447500
2021-08-25,62.76,62.96,62.6,62.92,9065100
2021-08-24,62.34,62.86,62.32,62.78,10701500
2021-08-23,61.1,61.54,61.0,61.48,7003500
2021-08-20,60.08,60.63,60.07,60.55,9203500
2021-08-19,60.43,60.82,60.37,60.62,11742900
2021-08-18,61.97,62.21,61.58,61.61,12243900
2021-08-17,61.49,61.83,61.24,61.56,12787600
2021-08-16,62.72,62.72,62.38,62.68,12686900
2021-08-13,63.12,63.22,62.82,63.22,6424100
2021-08-12,63.44,63.45,63.16,63.39,10845600
2021-08-11,64.1,64.1,63.62,63.9,10941200
2021-08-10,63.93,63.94,63.64,63.78,6651200
2021-08-09,63.78,63.93,63.66,63.69,7499900
2021-08-06,63.84,63.85,63.4,63.55,8748700
2021-08-05,64.1,64.29,64.03,64.07,5735900
2021-08-04,64.31,64.56,64.04,64.17,7003500
2021-08-03,63.54,63.92,63.28,63.91,6194300
2021-08-02,63.69,63.95,63.55,63.63,7577600
2021-07-30,63.04,63.5,63.0,63.21,18856900
2021-07-29,63.96,63.99,63.54,63.77,13168200
2021-07-28,62.6,63.55,62.43,63.5,19015100
2021-07-27,61.9,62.03,61.2,61.94,22417700
2021-07-26,63.01,63.41,62.89,63.16,13256200
2021-07-23,64.42,64.44,63.88,64.23,7167400
2021-07-22,65.17,65.17,64.81,65.11,6022300
2021-07-21,64.3,64.98,64.17,64.98,7512800
2021-07-20,64.08,64.7,63.88,64.55,17931800
2021-07-19,64.4,64.44,64.0,64.35,10685300
2021-07-16,65.97,66.02,65.27,65.37,7345300
2021-07-15,65.96,66.19,65.71,65.88,6240800
2021-07-14,66.06,66.06,65.56,65.71,9658000
2021-07-13,65.48,65.78,65.38,65.42,8134400
2021-07-12,65.12,65.43,64.98,65.42,11126700
2021-07-09,64.91,65.31,64.78,65.3,13486700
2021-07-08,64.19,64.48,64.01,64.29,10570700
2021-07-07,65.91,65.96,65.28,65.57,6158100
2021-07-06,65.94,66.01,65.33,65.52,6303000
2021-07-02,66.49,66.68,66.27,66.68,6448200
2021-07-01,67.04,67.13,66.34,66.67,7807000
2021-06-30,66.97,67.2,66.9,66.99,9768600
2021-06-29,67.01,67.46,66.87,67.46,5432800
2021-06-28,67.37,67.54,67.28,67.48,8560700
2021-06-25,67.44,67.52,67.14,67.37,9142700
2021-06-24,66.72,66.96,66.63,66.89,7899300
2021-06-23,66.43,66.74,66.27,66.31,6127700
2021-06-22,65.7,66.0,65.48,65.92,5296700
2021-06-21,65.82,66.19,65.54,66.17,9682700
2021-06-18,66.06,66.18,65.75,65.82,12124200
2021-06-17,66.28,66.56,66.11,66.36,8381700
2021-06-16,66.77,66.91,65.69,65.94,11125200
2021-06-15,67.15,67.15,66.72,66.86,8190700
2021-06-14,67.11,67.4,67.05,67.32,8018000
2021-06-11,67.23,67.23,66.87,67.08,4338600
2021-06-10,67.07,67.4,66.99,67.31,8146000
2021-06-09,67.37,67.54,67.19,67.23,7150100
2021-06-08,67.5,67.54,67.22,67.4,6844300
2021-06-07,67.72,67.77,67.43,67.74,5308700
2021-06-04,67.84,68.04,67.78,68.04,8279700
2021-06-03,67.44,67.63,67.26,67.38,5166200
2021-06-02,67.87,68.15,67.72,68.14,5646900
2021-06-01,68.18,68.18,67.78,68.0,9584200
2021-05-28,66.37,66.79,66.34,66.65,9569800
2021-05-27,66.31,66.41,66.1,66.24,9310600
2021-05-26,65.91,66.23,65.89,66.2,6741100
2021-05-25,65.83,65.94,65.55,65.67,6991600
2021-05-24,64.82,65.18,64.67,65.04,5377200
2021-05-21,65.14,65.15,64.34,64.48,6345200
2021-05-20,64.93,65.29,64.87,65.17,5957600
2021-05-19,64.19,65.03,64.14,64.8,11155600
2021-05-18,64.99,65.31,64.88,64.99,5329200
2021-05-17,63.75,64.12,63.62,64.11,6053400
2021-05-14,63.84,64.31,63.68,64.2,9890800
2021-05-13,63.38,63.71,62.81,63.17,10868900
2021-05-12,63.88,64.15,63.1,63.19,11371800
2021-05-11,64.02,65.06,64.02,64.99,7587200
2021-05-10,66.1,66.14,65.19,65.22,11628300
2021-05-07,66.08,66.63,66.0,66.38,7400200
2021-05-06,65.36,65.66,65.16,65.65,7307000
2021-05-05,65.01,65.2,64.8,65.03,10656200
2021-05-04,64.93,65.0,64.24,64.73,8029300
2021-05-03,65.37,65.76,65.2,65.47,8251400
2021-04-30,65.86,65.95,65.33,65.47,11882900
2021-04-29,66.95,66.98,66.08,66.58,6384700
2021-04-28,66.55,67.03,66.36,66.75,7263000
2021-04-27,66.28,66.47,66.17,66.27,8437500
2021-04-26,66.09,66.33,65.98,66.25,7266000
2021-04-23,65.84,66.19,65.8,66.13,7648300
2021-04-22,65.48,65.6,64.99,65.22,9543800
2021-04-21,64.78,65.49,64.61,65.48,6716900
2021-04-20,65.47,65.58,64.84,65.03,14518800
2021-04-19,65.6,65.73,65.3,65.51,12724300
2021-04-16,65.68,65.79,65.39,65.69,8243300
2021-04-15,65.43,65.56,65.25,65.51,7024500
2021-04-14,65.15,65.27,64.83,64.95,10491500
2021-04-13,64.31,64.8,64.24,64.59,7555400
2021-04-12,64.3,64.39,64.11,64.35,7933200
2021-04-09,64.66,64.75,64.54,64.75,9858500
2021-04-08,65.39,65.56,65.21,65.3,7486200
2021-04-07,64.76,64.9,64.48,64.72,8050200
2021-04-06,65.25,65.86,65.12,65.6,9375300
2021-04-05,65.37,65.41,65.07,65.25,8061400
2021-04-01,65.3,65.39,64.93,65.07,20327700
2021-03-31,64.02,64.58,64.01,64.36,14865900
2021-03-30,63.82,64.18,63.62,64.07,16389300
2021-03-29,63.74,64.08,63.52,63.83,11887900
2021-03-26,63.29,64.25,62.94,64.24,17456100
2021-03-25,62.28,62.85,62.22,62.71,27291300
2021-03-24,63.48,63.53,62.41,62.41,17763400
2021-03-23,64.27,64.43,63.78,63.84,8836800
2021-03-22,64.84,65.22,64.61,65.04,7609800
2021-03-19,64.57,65.19,64.33,65.16,12445700
2021-03-18,65.05,65.22,64.41,64.49,9536600
2021-03-17,64.74,65.89,64.61,65.58,12020900
2021-03-16,65.53,65.78,65.27,65.56,11746500
2021-03-15,64.8,65.27,64.65,65.24,7340600
2021-03-12,64.92,65.09,64.62,65.07,10825700
2021-03-11,65.69,66.24,65.38,66.21,11284600
2021-03-10,64.73,64.73,63.9,64.25,12224800
2021-03-09,63.96,64.75,63.91,64.43,13426900
2021-03-08,63.68,63.92,63.03,63.18,13326300
2021-03-05,65.1,65.1,63.62,64.84,36222300
2021-03-04,65.44,65.76,63.89,64.24,19443100
2021-03-03,66.25,66.42,65.43,65.68,14066600
2021-03-02,66.06,66.11,65.57,65.78,11890400
2021-03-01,66.01,66.62,65.87,66.44,10935800
2021-02-26,65.17,65.2,64.32,64.73,21552900
2021-02-25,67.03,67.22,65.42,65.56,18574900
2021-02-24,66.35,67.04,65.94,67.01,11104000
2021-02-23,66.71,67.65,65.95,67.42,12039800
2021-02-22,67.36,67.72,67.03,67.08,15085200
2021-02-19,69.06,69.4,68.85,69.05,6761400
2021-02-18,68.45,68.64,67.92,68.59,8124100
2021-02-17,69.38,69.54,69.05,69.45,10501000
2021-02-16,69.68,69.87,69.28,69.46,6599700
2021-02-12,68.91,69.48,68.82,69.27,5292600
2021-02-11,69.1,69.47,68.96,69.17,9896400
2021-02-10,68.84,68.92,68.06,68.48,7431500
2021-02-09,67.56,68.3,67.55,68.24,5082200
2021-02-08,67.18,67.67,67.18,67.58,7104200
2021-02-05,67.13,67.43,66.88,67.39,6522100
2021-02-04,66.73,66.89,66.3,66.88,16071000
2021-02-03,66.95,67.05,66.6,66.87,8718700
2021-02-02,66.59,66.63,66.25,66.53,8273000
2021-02-01,65.22,65.71,64.9,65.62,16554800
2021-01-29,64.39,64.53,63.59,63.83,21854300
2021-01-28,64.87,65.74,64.75,65.53,9241000
2021-01-27,65.52,65.75,65.0,65.07,12645200
2021-01-26,66.84,66.97,66.53,66.86,8117700
2021-01-25,67.52,67.6,66.68,67.34,17045900
2021-01-22,66.5,66.99,66.45,66.85,13826200
2021-01-21,67.48,67.56,67.11,67.46,17494200
2021-01-20,67.19,67.31,66.92,67.23,10374800
2021-01-19,66.44,66.47,65.98,66.07,16378900
2021-01-15,65.35,65.48,64.94,65.13,8815900
2021-01-14,66.18,66.44,65.97,66.01,12452300
2021-01-13,65.42,65.72,65.09,65.4,18340900
2021-01-12,65.03,65.39,64.87,65.27,46710200
2021-01-11,64.65,64.97,64.58,64.67,9410200
2021-01-08,65.04,65.58,64.66,65.54,19814200
2021-01-07,63.73,63.95,63.43,63.92,9154100
2021-01-06,63.42,64.14,63.24,63.42,17275400
2021-01-05,63.01,63.94,63.01,63.89,16305800
2021-01-04,63.2,63.41,62.27,62.54,17414000
2020-12-31,62.43,62.43,61.71,62.04,13455200
2020-12-30,62.05,62.3,61.97,62.1,9906000
2020-12-29,61.01,61.37,60.94,61.29,7964900
2020-12-28,60.59,60.67,60.36,60.5,9463300
2020-12-24,60.36,60.5,59.98,60.32,9684100
2020-12-23,60.47,60.6,60.34,60.49,10385000
2020-12-22,60.15,60.19,59.76,59.9,8045600
2020-12-21,59.9,60.57,59.86,60.33,9938700
2020-12-18,61.23,61.28,61.02,61.14,11228500
2020-12-17,61.29,61.36,61.13,61.34,8144700
2020-12-16,60.76,61.02,60.64,60.88,10846900
2020-12-15,60.24,60.67,60.08,60.65,12538100
2020-12-14,60.44,60.46,59.97,59.99,10079200
2020-12-11,61.04,61.19,60.85,61.01,7407500
2020-12-10,60.55,61.45,60.53,61.4,7442000
2020-12-09,61.31,61.31,60.33,60.64,12641500
2020-12-08,60.99,61.11,60.82,61.09,10209400
2020-12-07,61.01,61.26,60.86,61.07,8323500
2020-12-04,60.95,61.11,60.84,61.11,8421900
2020-12-03,60.4,60.79,60.35,60.48,11115900
2020-12-02,59.64,59.97,59.43,59.87,8991400
2020-12-01,59.6,59.94,59.32,59.76,12791600
2020-11-30,59.26,59.3,58.56,58.62,18886000
2020-11-27,59.95,60.23,59.93,60.1,4188800
2020-11-25,59.25,59.54,59.08,59.53,12378700
2020-11-24,59.46,59.82,59.17,59.82,9681700
2020-11-23,59.46,59.48,58.84,58.99,8461500
2020-11-20,58.65,58.99,58.6,58.8,8105700
2020-11-19,58.13,58.59,58.01,58.51,14124000
2020-11-18,58.8,58.81,58.37,58.39,8584200
2020-11-17,58.27,58.69,58.17,58.54,9881400
2020-11-16,58.51,58.77,58.4,58.6,11209700
2020-11-13,57.73,57.91,57.47,57.85,12475000
2020-11-12,57.61,57.81,56.92,57.06,15836100
2020-11-11,57.06,57.56,56.95,57.48,12125200
2020-11-10,57.55,57.67,56.87,57.15,15631500
2020-11-09,59.17,59.21,57.73,57.79,27904100
2020-11-06,56.97,57.5,56.84,57.33,29105900
2020-11-05,57.0,57.27,56.56,57.08,19979200
2020-11-04,55.17,56.3,55.07,56.11,21707800
2020-11-03,54.3,54.59,54.11,54.48,18705100
2020-11-02,54.05,54.2,53.75,54.2,11552800
2020-10-30,53.71,53.78,53.18,53.47,14455900
2020-10-29,53.81,54.31,53.62,54.11,10696500
2020-10-28,54.08,54.14,53.57,53.64,18002600
2020-10-27,54.83,55.08,54.67,54.96,11950300
2020-10-26,54.78,55.07,54.26,54.72,17959600
2020-10-23,55.21,55.45,54.95,55.42,17449100
2020-10-22,55.23,55.29,54.88,55.13,32072500
2020-10-21,55.07,55.45,55.0,55.19,40663100
2020-10-20,54.65,55.23,54.65,54.98,29364600
2020-10-19,54.62,54.84,54.22,54.36,9862100
2020-10-16,54.47,54.61,54.29,54.47,6997600
2020-10-15,53.89,54.33,53.82,54.24,8764200
2020-10-14,55.0,55.13,54.64,54.67,8262700
2020-10-13,55.06,55.08,54.73,55.01,6294500
2020-10-12,55.07,55.37,54.95,55.26,6013200
2020-10-09,54.57,54.96,54.45,54.86,6467500
2020-10-08,54.22,54.51,54.1,54.44,4867600
2020-10-07,53.94,54.18,53.79,54.02,8270800
2020-10-06,53.57,53.86,53.29,53.43,9405900
2020-10-05,52.95,53.38,52.95,53.35,6084400
2020-10-02,52.47,53.12,52.43,52.65,7253100
2020-10-01,53.17,53.32,52.86,53.3,11458100
2020-09-30,52.37,52.92,52.34,52.8,20702500
2020-09-29,51.86,52.14,51.8,51.99,6596300
2020-09-28,52.08,52.2,51.74,51.97,7858600
2020-09-25,50.88,51.38,50.6,51.35,11526300
2020-09-24,50.84,51.68,50.77,51.36,12281100
2020-09-23,52.26,52.35,51.54,51.56,16558500
2020-09-22,52.61,52.64,52.0,52.43,8477500
2020-09-21,52.42,52.88,52.0,52.87,11742600
2020-09-18,53.81,53.85,53.27,53.31,7297700
2020-09-17,53.34,53.82,53.28,53.76,7486200
2020-09-16,54.18,54.38,53.92,53.92,8113200
2020-09-15,54.11,54.18,53.92,54.03,7407100
2020-09-14,53.31,53.55,53.24,53.47,9213900
2020-09-11,52.79,52.97,52.34,52.59,10778100
2020-09-10,53.02,53.09,52.11,52.12,12825300
2020-09-09,52.71,53.06,52.59,52.91,13355000
2020-09-08,52.19,52.65,52.02,52.23,14090900
2020-09-04,53.18,53.49,52.22,53.11,14228700
2020-09-03,53.76,53.81,52.72,53.08,14703800
2020-09-02,54.26,54.26,53.56,54.06,20903100
2020-09-01,53.82,54.23,53.76,54.23,15796800
2020-08-31,53.5,53.5,52.96,53.3,13934700
2020-08-28,54.07,54.47,53.93,54.44,10399700
2020-08-27,54.31,54.32,53.5,53.74,9176000
2020-08-26,54.06,54.24,53.99,54.17,10617700
2020-08-25,53.7,54.09,53.59,54.08,13180000
2020-08-24,53.7,53.74,53.31,53.51,9810700
2020-08-21,52.57,52.94,52.37,52.89,7239300
2020-08-20,51.92,52.64,51.84,52.64,8319900
2020-08-19,53.35,53.36,52.83,52.87,10950300
2020-08-18,53.47,53.56,53.08,53.51,12395700
2020-08-17,53.28,53.54,53.17,53.51,7878400
2020-08-14,52.79,52.94,52.76,52.91,7796500
2020-08-13,53.05,53.14,52.74,52.95,5825200
2020-08-12,52.98,53.28,52.86,53.13,11720800
2020-08-11,52.94,53.05,52.42,52.48,8277500
2020-08-10,52.56,52.71,52.23,52.65,11232000
2020-08-07,52.62,52.78,52.2,52.5,8017300
2020-08-06,53.21,53.53,53.02,53.51,6552400
2020-08-05,53.25,53.59,53.19,53.36,7369200
2020-08-04,52.29,52.74,52.29,52.7,13229000
2020-08-03,51.9,52.16,51.85,52.09,10399100
2020-07-31,52.1,52.11,51.3,51.71,15724600
2020-07-30,52.06,52.22,51.56,52.04,9017600
2020-07-29,52.34,52.79,52.31,52.66,12395100
2020-07-28,52.16,52.2,51.77,51.79,8809200
2020-07-27,51.87,52.31,51.73,52.27,9978500
2020-07-24,51.04,51.53,50.92,51.49,8919300
2020-07-23,51.95,52.15,51.33,51.56,9265400
2020-07-22,52.14,52.17,51.68,51.96,9986100
2020-07-21,52.45,52.49,52.14,52.16,11759500
2020-07-20,51.29,51.73,51.15,51.66,5657100
2020-07-17,51.06,51.09,50.76,50.97,8458800
2020-07-16,50.45,50.76,50.4,50.71,8877400
2020-07-15,51.58,51.67,51.23,51.42,12831700
2020-07-14,50.61,51.4,50.48,51.26,12291400
2020-07-13,51.82,52.22,51.09,51.19,15173000
2020-07-10,51.45,51.51,51.14,51.46,9804900
2020-07-09,52.23,52.34,51.37,51.74,14527400
2020-07-08,51.2,51.83,51.16,51.78,10307000
2020-07-07,50.77,51.09,50.53,50.53,8617900
2020-07-06,50.98,51.42,50.95,51.4,11195200
2020-07-02,49.26,49.6,49.11,49.31,11939700
2020-07-01,47.95,48.38,47.91,48.22,19091200
2020-06-30,47.73,47.79,47.41,47.6,35392800
2020-06-29,47.63,47.85,47.34,47.84,10587000
2020-06-26,48.02,48.05,47.39,47.62,13804700
2020-06-25,47.79,48.18,47.65,48.15,11236900
2020-06-24,48.37,48.53,47.63,47.95,14588700
2020-06-23,48.71,48.91,48.56,48.58,11421000
2020-06-22,47.92,48.28,47.82,48.17,14213100
2020-06-19,48.22,48.22,47.41,47.59,19001700
2020-06-18,47.45,47.78,47.45,47.56,8970000
2020-06-17,47.51,47.76,47.41,47.54,18088600
2020-06-16,47.96,47.96,46.77,47.1,25653000
2020-06-15,46.02,47.06,45.88,46.79,15965700
2020-06-12,47.83,47.94,46.99,47.68,22177000
2020-06-11,47.67,47.94,46.61,46.62,23545700
2020-06-10,49.07,49.39,48.69,49.23,40681800
2020-06-09,48.53,49.0,48.38,48.89,15592400
2020-06-08,48.75,49.28,48.5,49.26,14082800
2020-06-05,48.85,49.19,48.77,48.84,16863300
2020-06-04,47.67,47.97,47.38,47.6,12271300
2020-06-03,47.83,48.36,47.77,48.25,13387600
2020-06-02,46.65,47.26,46.57,47.2,12226500
2020-06-01,45.5,46.12,45.42,46.08,13794000
2020-05-29,44.62,45.14,44.31,45.04,19268200
2020-05-28,44.78,44.99,44.32,44.38,12023300
2020-05-27,44.7,44.75,44.14,44.65,12710300
2020-05-26,44.91,45.08,44.47,44.54,13520300
2020-05-22,43.75,43.75,43.38,43.53,11447000
2020-05-21,44.61,44.77,44.19,44.42,21019800
2020-05-20,44.97,45.19,44.63,44.83,11334000
2020-05-19,44.53,44.76,44.26,44.26,12146800
2020-05-18,44.04,44.73,44.02,44.61,16703400
2020-05-15,42.94,43.22,42.79,43.02,23652500
2020-05-14,42.61,43.66,42.45,43.59,29416600
2020-05-13,43.97,44.08,43.13,43.41,16606000
2020-05-12,44.02,44.33,43.52,43.54,14967200
2020-05-11,43.68,43.94,43.61,43.68,12544000
2020-05-08,43.62,44.09,43.59,43.96,16103300
2020-05-07,43.13,43.25,42.88,43.11,12089700
2020-05-06,43.11,43.17,42.69,42.73,9642100
2020-05-05,43.08,43.27,42.83,42.86,12750000
2020-05-04,42.32,42.67,42.18,42.66,20601800
2020-05-01,42.63,42.79,42.0,42.18,21093100
2020-04-30,44.36,44.51,43.38,43.66,22585100
2020-04-29,44.08,44.68,44.01,44.55,10664700
2020-04-28,43.86,43.91,43.33,43.36,16119600
2020-04-27,42.93,43.34,42.89,43.26,16630000
2020-04-24,42.5,42.59,42.01,42.39,13624400
2020-04-23,42.93,43.22,42.44,42.45,14686600
2020-04-22,42.62,42.69,42.49,42.54,14855200
2020-04-21,41.7,41.88,41.38,41.44,21373700
2020-04-20,42.7,43.1,42.54,42.62,17716500
2020-04-17,43.34,43.4,42.83,43.13,24729600
2020-04-16,42.56,42.61,42.05,42.24,38655600
2020-04-15,42.03,42.16,41.76,42.0,22678500
2020-04-14,43.09,43.31,42.77,43.02,71917900
2020-04-13,42.01,42.12,41.6,42.06,23078200
2020-04-09,42.59,42.87,41.88,42.07,33592500
2020-04-08,41.82,42.26,41.51,42.18,21606900
2020-04-07,42.81,42.86,41.59,41.66,16824500
2020-04-06,40.91,41.46,40.74,41.39,19127500
2020-04-03,40.01,40.17,39.13,39.41,20604400
2020-04-02,39.55,40.28,39.43,40.12,16874700
2020-04-01,39.32,39.58,38.71,38.83,27348600
2020-03-31,40.33,41.01,40.24,40.47,29842500
2020-03-30,39.74,40.28,39.45,40.28,26764700
2020-03-27,39.67,40.27,39.38,39.59,26220100
2020-03-26,40.71,42.01,40.61,41.99,29468000
2020-03-25,39.65,40.84,39.24,40.21,38802000
2020-03-24,38.63,38.99,38.3,38.84,39286400
2020-03-23,36.82,36.9,35.66,36.22,39809700
2020-03-20,38.67,38.76,37.07,37.18,59658800
2020-03-19,36.49,37.37,35.88,36.87,50296000
2020-03-18,36.69,38.06,35.86,36.77,27464100
2020-03-17,38.8,40.36,38.14,40.28,39323400
2020-03-16,38.06,39.87,37.5,37.62,39825100
2020-03-13,43.64,43.68,40.98,43.08,35203900
2020-03-12,40.84,41.42,39.26,40.24,54433100
2020-03-11,45.74,45.88,44.56,44.9,41651100
2020-03-10,46.65,47.07,45.69,47.07,53001600
2020-03-09,44.59,45.63,44.28,44.77,50446000
2020-03-06,48.24,48.38,47.69,48.12,35866100
2020-03-05,49.73,49.91,48.86,49.08,23099300
2020-03-04,50.0,50.2,49.73,50.11,24211800
2020-03-03,49.62,50.4,48.97,49.34,49443900
2020-03-02,48.69,49.63,48.4,49.6,52749100
2020-02-28,47.37,48.72,47.07,48.71,68788000
2020-02-27,49.39,49.74,48.74,48.74,42319900
2020-02-26,50.18,50.61,49.9,49.93,43384800
2020-02-25,50.71,50.77,49.58,49.59,33199500
2020-02-24,49.75,50.26,49.69,49.96,23906300
2020-02-21,52.05,52.19,51.83,51.91,11427100
2020-02-20,52.61,52.66,52.02,52.2,14421800
2020-02-19,53.01,53.13,52.97,53.03,7475700
2020-02-18,52.6,52.8,52.52,52.62,9823800
2020-02-14,53.26,53.29,52.8,52.97,8403700
2020-02-13,53.08,53.26,52.92,52.95,12313500
2020-02-12,53.45,53.74,53.34,53.65,9934100
2020-02-11,52.89,53.22,52.85,52.98,15147800
2020-02-10,52.04,52.31,52.03,52.3,9696900
2020-02-07,52.21,52.23,51.89,52.03,11379900
2020-02-06,53.16,53.18,52.73,52.73,12718100
2020-02-05,53.3,53.31,52.65,52.75,14045500
2020-02-04,52.4,52.68,52.36,52.44,18813800
2020-02-03,50.75,51.22,50.73,51.06,14035300
2020-01-31,50.8,50.83,50.28,50.59,27081200
2020-01-30,51.24,51.66,50.95,51.61,19836700
2020-01-29,52.57,52.6,52.26,52.4,12602500
2020-01-28,51.94,52.28,51.72,52.27,14904900
2020-01-27,51.37,52.06,51.27,51.76,23884700
2020-01-24,54.05,54.05,53.3,53.57,17907700
2020-01-23,53.69,54.1,53.38,53.98,27088300
2020-01-22,54.61,54.67,54.35,54.49,13555500
2020-01-21,54.29,54.37,54.02,54.06,10795100
2020-01-17,55.28,55.44,55.11,55.41,18282900
2020-01-16,55.09,55.17,54.93,55.08,17987000
2020-01-15,54.97,55.03,54.65,54.72,34138400
2020-01-14,55.12,55.17,54.88,55.15,28522400
2020-01-13,54.98,55.45,54.88,55.44,13956600
2020-01-10,54.66,54.8,54.54,54.61,10885100
2020-01-09,54.44,54.45,54.21,54.32,13773300
2020-01-08,53.57,54.24,53.53,53.92,19268100
2020-01-07,53.68,53.78,53.54,53.7,5812500
2020-01-06,53.44,53.75,53.43,53.7,9825900
2020-01-03,53.97,54.23,53.85,53.9,9527300
2020-01-02,54.35,54.87,54.35,54.87,17375000
2019-12-31,53.71,53.85,53.56,53.76,7738800
2019-12-30,54.12,54.15,53.56,53.61,16781700
2019-12-27,54.06,54.1,53.82,53.99,13259700
2019-12-26,53.52,53.76,53.47,53.76,3877500
2019-12-24,53.37,53.41,53.26,53.34,5018500
2019-12-23,53.35,53.44,53.3,53.43,8313700
2019-12-20,53.35,53.43,53.25,53.34,24029600
2019-12-19,53.12,53.32,53.09,53.29,14208100
2019-12-18,53.24,53.29,53.12,53.28,14088300
2019-12-17,52.94,53.07,52.85,53.0,24498200
2019-12-16,52.59,52.71,52.51,52.53,12254500
2019-12-13,53.42,53.81,53.16,53.33,20889900
2019-12-12,52.59,53.4,52.57,53.31,18558200
2019-12-11,52.0,52.5,51.99,52.41,13830900
2019-12-10,51.67,51.82,51.57,51.7,7585700
2019-12-09,51.72,51.88,51.52,51.57,13530500
2019-12-06,51.77,51.84,51.67,51.78,8873600
2019-12-05,51.35,51.57,51.3,51.51,7643300
2019-12-04,51.27,51.35,51.21,51.29,7314100
2019-12-03,50.7,50.89,50.48,50.88,9077200
2019-12-02,51.29,51.31,50.96,51.17,12556000
2019-11-29,51.27,51.36,51.15,51.17,7435000
2019-11-27,51.78,51.95,51.69,51.93,10190000
2019-11-26,51.72,51.89,51.53,51.85,15501700
2019-11-25,51.83,52.06,51.79,52.02,11335600
2019-11-22,51.58,51.63,51.38,51.53,6335800
2019-11-21,51.39,51.53,51.29,51.52,8316800
2019-11-20,51.66,51.83,51.4,51.58,9267200
2019-11-19,52.09,52.11,51.76,51.84,7235400
2019-11-18,51.83,51.91,51.68,51.78,17533800
2019-11-15,51.76,51.94,51.74,51.82,16649000
2019-11-14,51.33,51.49,51.18,51.42,12992200
2019-11-13,51.25,51.47,51.2,51.36,9114200
2019-11-12,51.92,51.98,51.67,51.76,13865400
2019-11-11,51.8,52.13,51.76,52.11,12305200
2019-11-08,52.52,52.61,52.34,52.44,6814300
2019-11-07,52.92,53.12,52.85,52.92,15380900
2019-11-06,52.65,52.72,52.39,52.52,13137300
2019-11-05,52.75,52.76,52.49,52.71,10993600
2019-11-04,52.54,52.62,52.37,52.43,20581300
2019-11-01,51.72,51.97,51.68,51.96,13541000
2019-10-31,51.39,51.39,50.93,51.17,14389000
2019-10-30,51.18,51.57,51.01,51.55,13138600
2019-10-29,51.34,51.47,51.28,51.32,8668100
2019-10-28,51.52,51.73,51.52,51.63,13605900
2019-10-25,50.96,51.34,50.95,51.29,11904800
2019-10-24,51.2,51.21,50.97,51.0,9506700
2019-10-23,50.76,51.03,50.74,50.97,8283100
2019-10-22,50.95,51.12,50.9,50.96,10761300
2019-10-21,50.65,50.93,50.58,50.92,20094000
2019-10-18,50.55,50.67,50.29,50.39,18529300
2019-10-17,50.82,50.83,50.58,50.61,11084900
2019-10-16,50.24,50.46,50.14,50.42,10166400
2019-10-15,50.04,50.4,50.0,50.28,10270400
2019-10-14,50.02,50.09,49.88,49.9,5711800
2019-10-11,50.02,50.42,49.94,50.03,17537100
2019-10-10,48.98,49.51,48.98,49.29,8580800
2019-10-09,48.85,49.01,48.78,48.83,11296100
2019-10-08,48.69,48.78,48.43,48.45,14702400
2019-10-07,48.93,49.16,48.77,48.78,15380900
2019-10-04,48.89,49.29,48.83,49.22,12800900
2019-10-03,48.58,49.01,48.45,49.01,18212700
2019-10-02,48.42,48.47,48.15,48.38,19700000
2019-10-01,49.07,49.09,48.7,48.77,16560900
2019-09-30,49.19,49.34,49.01,49.02,21387600
2019-09-27,49.45,49.55,48.65,48.83,25761200
2019-09-26,49.54,49.58,49.3,49.45,11706200
2019-09-25,49.17,49.53,49.0,49.45,15002700
2019-09-24,49.97,49.99,49.46,49.51,20671300
2019-09-23,49.78,50.05,49.74,50.01,7377000
2019-09-20,50.29,50.33,49.75,49.92,15155500
2019-09-19,50.08,50.25,49.8,49.85,19187600
2019-09-18,50.23,50.29,49.72,50.07,17644600
2019-09-17,49.9,50.31,49.83,50.28,13242000
2019-09-16,50.3,50.55,50.19,50.31,12213600
2019-09-13,50.71,50.86,50.64,50.68,12313800
2019-09-12,50.42,50.72,50.23,50.43,14635500
2019-09-11,49.86,50.09,49.8,50.09,7808900
2019-09-10,49.63,49.8,49.45,49.71,8079800
2019-09-09,49.65,49.82,49.54,49.68,11733200
2019-09-06,49.59,49.69,49.49,49.55,14328300
2019-09-05,49.34,49.49,49.29,49.37,17908100
2019-09-04,48.63,48.85,48.55,48.81,10635600
2019-09-03,47.8,48.01,47.77,47.98,13062600
2019-08-30,48.31,48.31,48.01,48.27,12528900
2019-08-29,47.68,47.96,47.53,47.94,10154100
2019-08-28,47.17,47.47,47.06,47.39,7473400
2019-08-27,47.5,47.65,47.19,47.26,20018400
2019-08-26,47.27,47.33,47.07,47.19,12617700
2019-08-23,47.52,47.97,46.87,46.99,16578700
2019-08-22,47.87,47.95,47.53,47.64,10719300
2019-08-21,48.29,48.29,48.06,48.26,6639600
2019-08-20,47.84,48.0,47.72,47.82,8689400
2019-08-19,48.09,48.11,47.66,47.72,13971500
2019-08-16,47.32,47.63,47.31,47.56,11126400
2019-08-15,47.01,47.06,46.65,46.92,22594200
2019-08-14,46.98,47.11,46.57,46.63,20384800
2019-08-13,47.0,48.2,46.92,47.91,19359500
2019-08-12,47.35,47.51,47.25,47.33,10765600
2019-08-09,48.16,48.21,47.74,47.99,17104400
2019-08-08,48.15,48.47,48.04,48.46,15036900
2019-08-07,47.14,47.84,46.95,47.78,21441000
2019-08-06,47.75,47.82,47.28,47.57,27219100
2019-08-05,47.38,47.44,46.67,46.94,31848200
2019-08-02,48.97,49.09,48.56,48.7,28361000
2019-08-01,50.15,50.5,49.04,49.21,35631400
2019-07-31,50.72,50.76,49.58,50.18,25995900
2019-07-30,50.71,50.79,50.58,50.74,16493900
2019-07-29,51.07,51.17,50.89,51.11,15346300
2019-07-26,51.34,51.38,51.11,51.24,4950500
2019-07-25,51.45,51.47,51.05,51.17,9072600
2019-07-24,51.46,51.62,51.45,51.54,14267500
2019-07-23,51.53,51.57,51.33,51.54,8242900
2019-07-22,51.6,51.68,51.44,51.52,10079400
2019-07-19,51.86,51.9,51.42,51.49,12320600
2019-07-18,51.4,51.81,51.38,51.81,9180000
2019-07-17,51.53,51.64,51.36,51.38,17273800
2019-07-16,51.71,51.84,51.53,51.58,18608200
2019-07-15,51.66,51.75,51.61,51.69,8032900
2019-07-12,51.48,51.54,51.29,51.47,6100700
2019-07-11,51.69,51.71,51.31,51.44,8792400
2019-07-10,51.63,51.79,51.47,51.54,10536100
2019-07-09,50.86,51.16,50.85,51.07,9441400
2019-07-08,51.19,51.32,51.13,51.24,8611800
2019-07-05,51.56,51.7,51.32,51.51,25942000
2019-07-03,51.75,51.9,51.69,51.87,3731800
2019-07-02,52.06,52.1,51.85,52.0,10546800
2019-07-01,52.42,52.51,51.92,52.12,16591200
2019-06-28,51.58,51.61,51.36,51.44,18648200
2019-06-27,51.46,51.6,51.39,51.56,17407800
2019-06-26,51.15,51.43,51.11,51.27,18095000
2019-06-25,51.1,51.15,50.71,50.76,16240900
2019-06-24,51.27,51.37,51.2,51.27,11131400
2019-06-21,51.29,51.43,51.2,51.29,11888400
2019-06-20,51.79,51.85,51.29,51.5,12807800
2019-06-19,50.46,50.99,50.33,50.74,13497300
2019-06-18,49.73,50.47,49.73,50.37,18751500
2019-06-17,49.09,49.31,49.07,49.19,13666000
2019-06-14,49.79,49.8,49.54,49.56,9646800
2019-06-13,50.25,50.34,49.95,50.13,40613400
2019-06-12,50.38,50.41,50.1,50.17,10374600
2019-06-11,50.8,50.88,50.58,50.71,28288200
2019-06-10,50.1,50.4,49.99,50.21,23235400
2019-06-07,49.57,50.07,49.54,49.69,8952900
2019-06-06,49.24,49.38,49.07,49.32,11614200
2019-06-05,49.67,49.71,49.13,49.27,13976800
2019-06-04,49.33,49.66,49.21,49.59,9229100
2019-06-03,49.48,49.76,49.37,49.49,16772500
2019-05-31,48.69,49.2,48.67,49.12,18804400
2019-05-30,48.78,49.08,48.76,48.93,15435300
2019-05-29,48.16,48.67,48.1,48.65,21779000
2019-05-28,48.66,48.74,48.25,48.31,16562300
2019-05-24,48.46,48.53,48.11,48.19,8807600
2019-05-23,48.06,48.29,47.92,48.09,15586400
2019-05-22,48.89,48.95,48.68,48.76,15223200
2019-05-21,48.68,49.02,48.56,49.02,13765200
2019-05-20,48.38,48.55,48.16,48.35,9074300
2019-05-17,48.58,48.92,48.48,48.55,10959800
2019-05-16,49.59,49.86,49.36,49.42,12492100
2019-05-15,49.28,49.75,49.2,49.64,11491000
2019-05-14,49.53,49.73,49.34,49.54,11595600
2019-05-13,49.0,49.19,48.62,48.89,20818900
2019-05-10,50.41,50.71,49.8,50.57,18558900
2019-05-09,49.98,50.52,49.59,50.26,19736500
2019-05-08,51.26,51.48,51.05,51.1,12396500
2019-05-07,51.6,51.61,50.84,51.13,22479400
2019-05-06,51.58,52.22,51.52,52.15,19494100
2019-05-03,53.0,53.28,52.91,53.24,8881100
2019-05-02,52.62,52.78,52.31,52.6,10868300
2019-05-01,52.95,53.37,52.41,52.45,15252800
2019-04-30,52.79,52.97,52.51,52.84,12005800
2019-04-29,52.94,52.99,52.81,52.91,6947500
2019-04-26,52.7,52.91,52.55,52.82,9494300
2019-04-25,52.38,52.66,52.23,52.6,10747600
2019-04-24,53.07,53.07,52.54,52.66,12693600
2019-04-23,53.18,53.5,53.15,53.44,12407300
2019-04-22,53.13,53.35,53.04,53.32,13751900
2019-04-18,53.47,53.73,53.3,53.62,18489700
2019-04-17,53.9,53.95,53.54,53.71,8923900
2019-04-16,53.36,53.59,53.36,53.56,8369600
2019-04-15,53.34,53.38,52.94,53.15,10290700
2019-04-12,53.54,53.56,53.27,53.35,11043200
2019-04-11,53.2,53.24,52.89,53.04,11729100
2019-04-10,53.55,53.7,53.44,53.54,15015800
2019-04-09,53.45,53.46,53.27,53.3,22965600
2019-04-08,53.16,53.44,53.06,53.34,9573100
2019-04-05,53.17,53.45,53.13,53.38,20359500
2019-04-04,52.68,53.1,52.66,53.01,9074800
2019-04-03,52.84,53.11,52.62,52.71,14848300
2019-04-02,52.56,52.59,52.2,52.33,13022300
2019-04-01,52.39,52.56,52.26,52.51,15575800
